"","Comparison","Fisher.Exact.P","BH.Adj.P"
"1","JBSFL10.csv__Analysis of gene-expression profiles by oligonucleotide microarray in children with influenza.  - Sheet1.csv-Fig.1..acute.phase.influenza.virus.infection.",1,1
"2","JBSFL10.csv__Analysis of gene-expression profiles by oligonucleotide microarray in children with influenza.  - Sheet1.csv-Table.1..febrile.convulsion.",1,1
"3","JBSFL10.csv__A whole genome transcriptional analysis of the early immune response induced by live attenuated and inactivated influenza vaccines in young children. Table 2 (co-expression cluste.csv-A",1,1
"4","JBSFL10.csv__A whole genome transcriptional analysis of the early immune response induced by live attenuated and inactivated influenza vaccines in young children. Table 2 (co-expression cluste.csv-B",1,1
"5","JBSFL10.csv__A whole genome transcriptional analysis of the early immune response induced by live attenuated and inactivated influenza vaccines in young children. Table 2 (co-expression cluste.csv-C",1,1
"6","JBSFL10.csv__A whole genome transcriptional analysis of the early immune response induced by live attenuated and inactivated influenza vaccines in young children. Table 2 (co-expression cluste.csv-D",1,1
"7","JBSFL10.csv__A whole genome transcriptional analysis of the early immune response induced by live attenuated and inactivated influenza vaccines in young children. Table 2 (co-expression cluste.csv-E",1,1
"8","JBSFL10.csv__A whole genome transcriptional analysis of the early immune response induced by live attenuated and inactivated influenza vaccines in young children. Table 2 (co-expression cluste.csv-F",1,1
"9","JBSFL10.csv__Bioinf.csv-WO.Baseline",1,1
"10","JBSFL10.csv__Bioinf.csv-W.Baseline",1,1
"11","JBSFL10.csv__BMC.csv-Combined",1,1
"12","JBSFL10.csv__DavenportEE_2015_JMolMed.FigS3.processed.csv-original.symbol",1,1
"13","JBSFL10.csv__DavenportEE_2015_JMolMed.FigS3.processed.csv-symbol",1,1
"14","JBSFL10.csv__DavenportEE_2015_JMolMed.FigS3.processed.csv-gene_id",1,1
"15","JBSFL10.csv__DavenportEE_2015_JMolMed.TableS3.processed.csv-original.symbol",1,1
"16","JBSFL10.csv__DavenportEE_2015_JMolMed.TableS3.processed.csv-symbol",1,1
"17","JBSFL10.csv__DavenportEE_2015_JMolMed.TableS3.processed.csv-gene_id",1,1
"18","JBSFL10.csv__JASA.csv-Principal.Response",1,1
"19","JBSFL10.csv__JASA.csv-X",1,1
"20","JBSFL10.csv__JASA.csv-Secondary.Response",1,1
"21","JBSFL10.csv__JASA.csv-X.1",1,1
"22","JBSFL10.csv__JASA.csv-Gender.Factor",1,1
"23","JBSFL10.csv__JASA.csv-X.2",1,1
"24","JBSFL10.csv__McClainMT_2016_OpenForumInfectDis.SupplementalTable2.processed.csv-original.symbol",1,1
"25","JBSFL10.csv__McClainMT_2016_OpenForumInfectDis.SupplementalTable2.processed.csv-symbol",1,1
"26","JBSFL10.csv__McClainMT_2016_OpenForumInfectDis.SupplementalTable2.processed.csv-gene_id",1,1
"27","JBSFL10.csv__MullerJ_2017_JTranslMed.TableS3.processed.csv-original.symbol",1,1
"28","JBSFL10.csv__MullerJ_2017_JTranslMed.TableS3.processed.csv-symbol",1,1
"29","JBSFL10.csv__MullerJ_2017_JTranslMed.TableS3.processed.csv-gene_id",1,1
"30","JBSFL10.csv__OF.csv-Current.Signature",1,1
"31","JBSFL10.csv__PG.csv-X1vs2",1,1
"32","JBSFL10.csv__PG.csv-X1vs3",1,1
"33","JBSFL10.csv__PG.csv-X1vs4",1,1
"34","JBSFL10.csv__PG.csv-X2vs3",1,1
"35","JBSFL10.csv__PG.csv-X2vs4",1,1
"36","JBSFL10.csv__PG.csv-X3vs4",1,1
"37","JBSFL10.csv__PO.csv-H1N1",1,1
"38","JBSFL10.csv__PO.csv-H3N2",1,1
"39","JBSFL10.csv__ProudD_2008_AmJRespirCritCareMed.Table2.processed.csv-original.symbol",1,1
"40","JBSFL10.csv__ProudD_2008_AmJRespirCritCareMed.Table2.processed.csv-symbol",1,1
"41","JBSFL10.csv__ProudD_2008_AmJRespirCritCareMed.Table2.processed.csv-gene_id",1,1
"42","JBSFL10.csv__ProudD_2008_AmJRespirCritCareMed.Table3.processed.csv-original.symbol",1,1
"43","JBSFL10.csv__ProudD_2008_AmJRespirCritCareMed.Table3.processed.csv-symbol",1,1
"44","JBSFL10.csv__ProudD_2008_AmJRespirCritCareMed.Table3.processed.csv-gene_id",1,1
"45","JBSFL10.csv__SHM.csv-Rhinovirus",1,1
"46","JBSFL10.csv__SHM.csv-RSV",1,1
"47","JBSFL10.csv__SHM.csv-Influenza",1,1
"48","JBSFL10.csv__SHM.csv-Panviral",1,1
"49","JBSFL10.csv__SHM.csv-Literature",1,1
"50","JBSFL10.csv__STM.csv-H3N2.H1N1",0.00562962821218516,0.0328394979044134
"51","JBSFL10.csv__Systems biology of vaccination for seasonal influenza in humans. - Sheet1.csv-Table.S6..Sets.of.2.4.genes.identified.by.DAMIP.model..first.analysis..as.predictors.of.HAI.response..",1,1
"52","JBSFL10.csv__Systems biology of vaccination for seasonal influenza in humans. - Sheet1.csv-Table.S8..Sets.of.genes.identified.by.DAMIP.model..second.analysis..as.predictors.of.HAI.response..",1,1
"53","JBSFL10.csv__Systems biology of vaccination for seasonal influenza in humans. - Sheet1.csv-Table.S9..Sets.of.genes.identified.by.DAMIP.model..third.analysis..as.predictors.of.HAI.response..",1,1
"54","JBSFL10.csv__TBE.csv-Single.Task",1,1
"55","JBSFL10.csv__TBE.csv-Multi.Task",1,1
"56","JBSFL11.csv__Analysis of gene-expression profiles by oligonucleotide microarray in children with influenza.  - Sheet1.csv-Fig.1..acute.phase.influenza.virus.infection.",0.276240024120374,0.905126887543354
"57","JBSFL11.csv__Analysis of gene-expression profiles by oligonucleotide microarray in children with influenza.  - Sheet1.csv-Table.1..febrile.convulsion.",1,1
"58","JBSFL11.csv__A whole genome transcriptional analysis of the early immune response induced by live attenuated and inactivated influenza vaccines in young children. Table 2 (co-expression cluste.csv-A",1,1
"59","JBSFL11.csv__A whole genome transcriptional analysis of the early immune response induced by live attenuated and inactivated influenza vaccines in young children. Table 2 (co-expression cluste.csv-B",0.0149078855046933,0.0781076235327807
"60","JBSFL11.csv__A whole genome transcriptional analysis of the early immune response induced by live attenuated and inactivated influenza vaccines in young children. Table 2 (co-expression cluste.csv-C",2.59951669314083e-05,0.000238289030204576
"61","JBSFL11.csv__A whole genome transcriptional analysis of the early immune response induced by live attenuated and inactivated influenza vaccines in young children. Table 2 (co-expression cluste.csv-D",1,1
"62","JBSFL11.csv__A whole genome transcriptional analysis of the early immune response induced by live attenuated and inactivated influenza vaccines in young children. Table 2 (co-expression cluste.csv-E",0.115369203985189,0.417062380603733
"63","JBSFL11.csv__A whole genome transcriptional analysis of the early immune response induced by live attenuated and inactivated influenza vaccines in young children. Table 2 (co-expression cluste.csv-F",0.115369203985189,0.417062380603733
"64","JBSFL11.csv__Bioinf.csv-WO.Baseline",3.79102504076933e-11,5.72370447331839e-10
"65","JBSFL11.csv__Bioinf.csv-W.Baseline",0.000970657743955096,0.0069204302115317
"66","JBSFL11.csv__BMC.csv-Combined",0.276240024120374,0.905126887543354
"67","JBSFL11.csv__DavenportEE_2015_JMolMed.FigS3.processed.csv-original.symbol",1,1
"68","JBSFL11.csv__DavenportEE_2015_JMolMed.FigS3.processed.csv-symbol",1,1
"69","JBSFL11.csv__DavenportEE_2015_JMolMed.FigS3.processed.csv-gene_id",1,1
"70","JBSFL11.csv__DavenportEE_2015_JMolMed.TableS3.processed.csv-original.symbol",0.613044749072049,1
"71","JBSFL11.csv__DavenportEE_2015_JMolMed.TableS3.processed.csv-symbol",0.482005211274573,1
"72","JBSFL11.csv__DavenportEE_2015_JMolMed.TableS3.processed.csv-gene_id",1,1
"73","JBSFL11.csv__JASA.csv-Principal.Response",0.0189512320281199,0.0914056559998977
"74","JBSFL11.csv__JASA.csv-X",0.109609661033296,0.401902090455418
"75","JBSFL11.csv__JASA.csv-Secondary.Response",1,1
"76","JBSFL11.csv__JASA.csv-X.1",0.433798947594699,1
"77","JBSFL11.csv__JASA.csv-Gender.Factor",2.03060991816047e-10,2.95013139053502e-09
"78","JBSFL11.csv__JASA.csv-X.2",0.0189512320281199,0.0914056559998977
"79","JBSFL11.csv__McClainMT_2016_OpenForumInfectDis.SupplementalTable2.processed.csv-original.symbol",0.0179804770519833,0.088749790577097
"80","JBSFL11.csv__McClainMT_2016_OpenForumInfectDis.SupplementalTable2.processed.csv-symbol",0.0179804770519833,0.088749790577097
"81","JBSFL11.csv__McClainMT_2016_OpenForumInfectDis.SupplementalTable2.processed.csv-gene_id",1,1
"82","JBSFL11.csv__MullerJ_2017_JTranslMed.TableS3.processed.csv-original.symbol",1,1
"83","JBSFL11.csv__MullerJ_2017_JTranslMed.TableS3.processed.csv-symbol",1,1
"84","JBSFL11.csv__MullerJ_2017_JTranslMed.TableS3.processed.csv-gene_id",1,1
"85","JBSFL11.csv__OF.csv-Current.Signature",0.0179804770519833,0.088749790577097
"86","JBSFL11.csv__PG.csv-X1vs2",1,1
"87","JBSFL11.csv__PG.csv-X1vs3",1,1
"88","JBSFL11.csv__PG.csv-X1vs4",1,1
"89","JBSFL11.csv__PG.csv-X2vs3",4.21348738953205e-08,5.31866440973718e-07
"90","JBSFL11.csv__PG.csv-X2vs4",0.0954273903974295,0.356694614592334
"91","JBSFL11.csv__PG.csv-X3vs4",1,1
"92","JBSFL11.csv__PO.csv-H1N1",0.0179804770519833,0.088749790577097
"93","JBSFL11.csv__PO.csv-H3N2",0.0179804770519833,0.088749790577097
"94","JBSFL11.csv__ProudD_2008_AmJRespirCritCareMed.Table2.processed.csv-original.symbol",0.0515718809779403,0.209001833436916
"95","JBSFL11.csv__ProudD_2008_AmJRespirCritCareMed.Table2.processed.csv-symbol",0.0515718809779403,0.209001833436916
"96","JBSFL11.csv__ProudD_2008_AmJRespirCritCareMed.Table2.processed.csv-gene_id",1,1
"97","JBSFL11.csv__ProudD_2008_AmJRespirCritCareMed.Table3.processed.csv-original.symbol",1,1
"98","JBSFL11.csv__ProudD_2008_AmJRespirCritCareMed.Table3.processed.csv-symbol",1,1
"99","JBSFL11.csv__ProudD_2008_AmJRespirCritCareMed.Table3.processed.csv-gene_id",1,1
"100","JBSFL11.csv__SHM.csv-Rhinovirus",0.259912687097995,0.862641245971794
"101","JBSFL11.csv__SHM.csv-RSV",0.251611914304788,0.838706381015962
"102","JBSFL11.csv__SHM.csv-Influenza",0.0310351861449047,0.13974908381039
"103","JBSFL11.csv__SHM.csv-Panviral",0.038268791162632,0.164619939638138
"104","JBSFL11.csv__SHM.csv-Literature",0.038268791162632,0.164619939638138
"105","JBSFL11.csv__STM.csv-H3N2.H1N1",0.00180897048119372,0.0113244493538144
"106","JBSFL11.csv__Systems biology of vaccination for seasonal influenza in humans. - Sheet1.csv-Table.S6..Sets.of.2.4.genes.identified.by.DAMIP.model..first.analysis..as.predictors.of.HAI.response..",0.776202706187181,1
"107","JBSFL11.csv__Systems biology of vaccination for seasonal influenza in humans. - Sheet1.csv-Table.S8..Sets.of.genes.identified.by.DAMIP.model..second.analysis..as.predictors.of.HAI.response..",0.300060496697144,0.966722102329712
"108","JBSFL11.csv__Systems biology of vaccination for seasonal influenza in humans. - Sheet1.csv-Table.S9..Sets.of.genes.identified.by.DAMIP.model..third.analysis..as.predictors.of.HAI.response..",0.243218380426032,0.814252838817586
"109","JBSFL11.csv__TBE.csv-Single.Task",0.106054428523289,0.392605336360251
"110","JBSFL11.csv__TBE.csv-Multi.Task",0.427442294917025,1
"111","JBSFL12.csv__Analysis of gene-expression profiles by oligonucleotide microarray in children with influenza.  - Sheet1.csv-Fig.1..acute.phase.influenza.virus.infection.",1,1
"112","JBSFL12.csv__Analysis of gene-expression profiles by oligonucleotide microarray in children with influenza.  - Sheet1.csv-Table.1..febrile.convulsion.",1,1
"113","JBSFL12.csv__A whole genome transcriptional analysis of the early immune response induced by live attenuated and inactivated influenza vaccines in young children. Table 2 (co-expression cluste.csv-A",1,1
"114","JBSFL12.csv__A whole genome transcriptional analysis of the early immune response induced by live attenuated and inactivated influenza vaccines in young children. Table 2 (co-expression cluste.csv-B",1,1
"115","JBSFL12.csv__A whole genome transcriptional analysis of the early immune response induced by live attenuated and inactivated influenza vaccines in young children. Table 2 (co-expression cluste.csv-C",1,1
"116","JBSFL12.csv__A whole genome transcriptional analysis of the early immune response induced by live attenuated and inactivated influenza vaccines in young children. Table 2 (co-expression cluste.csv-D",1,1
"117","JBSFL12.csv__A whole genome transcriptional analysis of the early immune response induced by live attenuated and inactivated influenza vaccines in young children. Table 2 (co-expression cluste.csv-E",1,1
"118","JBSFL12.csv__A whole genome transcriptional analysis of the early immune response induced by live attenuated and inactivated influenza vaccines in young children. Table 2 (co-expression cluste.csv-F",1,1
"119","JBSFL12.csv__Bioinf.csv-WO.Baseline",1,1
"120","JBSFL12.csv__Bioinf.csv-W.Baseline",1,1
"121","JBSFL12.csv__BMC.csv-Combined",1,1
"122","JBSFL12.csv__DavenportEE_2015_JMolMed.FigS3.processed.csv-original.symbol",1,1
"123","JBSFL12.csv__DavenportEE_2015_JMolMed.FigS3.processed.csv-symbol",1,1
"124","JBSFL12.csv__DavenportEE_2015_JMolMed.FigS3.processed.csv-gene_id",1,1
"125","JBSFL12.csv__DavenportEE_2015_JMolMed.TableS3.processed.csv-original.symbol",0.396395109031194,1
"126","JBSFL12.csv__DavenportEE_2015_JMolMed.TableS3.processed.csv-symbol",0.365327055572838,1
"127","JBSFL12.csv__DavenportEE_2015_JMolMed.TableS3.processed.csv-gene_id",1,1
"128","JBSFL12.csv__JASA.csv-Principal.Response",1,1
"129","JBSFL12.csv__JASA.csv-X",1,1
"130","JBSFL12.csv__JASA.csv-Secondary.Response",1,1
"131","JBSFL12.csv__JASA.csv-X.1",1,1
"132","JBSFL12.csv__JASA.csv-Gender.Factor",1,1
"133","JBSFL12.csv__JASA.csv-X.2",1,1
"134","JBSFL12.csv__McClainMT_2016_OpenForumInfectDis.SupplementalTable2.processed.csv-original.symbol",1,1
"135","JBSFL12.csv__McClainMT_2016_OpenForumInfectDis.SupplementalTable2.processed.csv-symbol",1,1
"136","JBSFL12.csv__McClainMT_2016_OpenForumInfectDis.SupplementalTable2.processed.csv-gene_id",1,1
"137","JBSFL12.csv__MullerJ_2017_JTranslMed.TableS3.processed.csv-original.symbol",1,1
"138","JBSFL12.csv__MullerJ_2017_JTranslMed.TableS3.processed.csv-symbol",1,1
"139","JBSFL12.csv__MullerJ_2017_JTranslMed.TableS3.processed.csv-gene_id",1,1
"140","JBSFL12.csv__OF.csv-Current.Signature",1,1
"141","JBSFL12.csv__PG.csv-X1vs2",1,1
"142","JBSFL12.csv__PG.csv-X1vs3",1,1
"143","JBSFL12.csv__PG.csv-X1vs4",1,1
"144","JBSFL12.csv__PG.csv-X2vs3",1,1
"145","JBSFL12.csv__PG.csv-X2vs4",1,1
"146","JBSFL12.csv__PG.csv-X3vs4",1,1
"147","JBSFL12.csv__PO.csv-H1N1",1,1
"148","JBSFL12.csv__PO.csv-H3N2",1,1
"149","JBSFL12.csv__ProudD_2008_AmJRespirCritCareMed.Table2.processed.csv-original.symbol",1,1
"150","JBSFL12.csv__ProudD_2008_AmJRespirCritCareMed.Table2.processed.csv-symbol",1,1
"151","JBSFL12.csv__ProudD_2008_AmJRespirCritCareMed.Table2.processed.csv-gene_id",1,1
"152","JBSFL12.csv__ProudD_2008_AmJRespirCritCareMed.Table3.processed.csv-original.symbol",1,1
"153","JBSFL12.csv__ProudD_2008_AmJRespirCritCareMed.Table3.processed.csv-symbol",1,1
"154","JBSFL12.csv__ProudD_2008_AmJRespirCritCareMed.Table3.processed.csv-gene_id",1,1
"155","JBSFL12.csv__SHM.csv-Rhinovirus",1,1
"156","JBSFL12.csv__SHM.csv-RSV",1,1
"157","JBSFL12.csv__SHM.csv-Influenza",1,1
"158","JBSFL12.csv__SHM.csv-Panviral",1,1
"159","JBSFL12.csv__SHM.csv-Literature",1,1
"160","JBSFL12.csv__STM.csv-H3N2.H1N1",1,1
"161","JBSFL12.csv__Systems biology of vaccination for seasonal influenza in humans. - Sheet1.csv-Table.S6..Sets.of.2.4.genes.identified.by.DAMIP.model..first.analysis..as.predictors.of.HAI.response..",1,1
"162","JBSFL12.csv__Systems biology of vaccination for seasonal influenza in humans. - Sheet1.csv-Table.S8..Sets.of.genes.identified.by.DAMIP.model..second.analysis..as.predictors.of.HAI.response..",1,1
"163","JBSFL12.csv__Systems biology of vaccination for seasonal influenza in humans. - Sheet1.csv-Table.S9..Sets.of.genes.identified.by.DAMIP.model..third.analysis..as.predictors.of.HAI.response..",1,1
"164","JBSFL12.csv__TBE.csv-Single.Task",1,1
"165","JBSFL12.csv__TBE.csv-Multi.Task",1,1
"166","JBSFL1.csv__Analysis of gene-expression profiles by oligonucleotide microarray in children with influenza.  - Sheet1.csv-Fig.1..acute.phase.influenza.virus.infection.",1,1
"167","JBSFL1.csv__Analysis of gene-expression profiles by oligonucleotide microarray in children with influenza.  - Sheet1.csv-Table.1..febrile.convulsion.",1,1
"168","JBSFL1.csv__A whole genome transcriptional analysis of the early immune response induced by live attenuated and inactivated influenza vaccines in young children. Table 2 (co-expression cluste.csv-A",1,1
"169","JBSFL1.csv__A whole genome transcriptional analysis of the early immune response induced by live attenuated and inactivated influenza vaccines in young children. Table 2 (co-expression cluste.csv-B",1,1
"170","JBSFL1.csv__A whole genome transcriptional analysis of the early immune response induced by live attenuated and inactivated influenza vaccines in young children. Table 2 (co-expression cluste.csv-C",1,1
"171","JBSFL1.csv__A whole genome transcriptional analysis of the early immune response induced by live attenuated and inactivated influenza vaccines in young children. Table 2 (co-expression cluste.csv-D",1,1
"172","JBSFL1.csv__A whole genome transcriptional analysis of the early immune response induced by live attenuated and inactivated influenza vaccines in young children. Table 2 (co-expression cluste.csv-E",1,1
"173","JBSFL1.csv__A whole genome transcriptional analysis of the early immune response induced by live attenuated and inactivated influenza vaccines in young children. Table 2 (co-expression cluste.csv-F",1,1
"174","JBSFL1.csv__Bioinf.csv-WO.Baseline",1,1
"175","JBSFL1.csv__Bioinf.csv-W.Baseline",1,1
"176","JBSFL1.csv__BMC.csv-Combined",1,1
"177","JBSFL1.csv__DavenportEE_2015_JMolMed.FigS3.processed.csv-original.symbol",1,1
"178","JBSFL1.csv__DavenportEE_2015_JMolMed.FigS3.processed.csv-symbol",1,1
"179","JBSFL1.csv__DavenportEE_2015_JMolMed.FigS3.processed.csv-gene_id",1,1
"180","JBSFL1.csv__DavenportEE_2015_JMolMed.TableS3.processed.csv-original.symbol",1,1
"181","JBSFL1.csv__DavenportEE_2015_JMolMed.TableS3.processed.csv-symbol",1,1
"182","JBSFL1.csv__DavenportEE_2015_JMolMed.TableS3.processed.csv-gene_id",1,1
"183","JBSFL1.csv__JASA.csv-Principal.Response",1,1
"184","JBSFL1.csv__JASA.csv-X",1,1
"185","JBSFL1.csv__JASA.csv-Secondary.Response",1,1
"186","JBSFL1.csv__JASA.csv-X.1",1,1
"187","JBSFL1.csv__JASA.csv-Gender.Factor",0.00813555099644192,0.0457253596150385
"188","JBSFL1.csv__JASA.csv-X.2",1,1
"189","JBSFL1.csv__McClainMT_2016_OpenForumInfectDis.SupplementalTable2.processed.csv-original.symbol",1,1
"190","JBSFL1.csv__McClainMT_2016_OpenForumInfectDis.SupplementalTable2.processed.csv-symbol",1,1
"191","JBSFL1.csv__McClainMT_2016_OpenForumInfectDis.SupplementalTable2.processed.csv-gene_id",1,1
"192","JBSFL1.csv__MullerJ_2017_JTranslMed.TableS3.processed.csv-original.symbol",1,1
"193","JBSFL1.csv__MullerJ_2017_JTranslMed.TableS3.processed.csv-symbol",1,1
"194","JBSFL1.csv__MullerJ_2017_JTranslMed.TableS3.processed.csv-gene_id",1,1
"195","JBSFL1.csv__OF.csv-Current.Signature",1,1
"196","JBSFL1.csv__PG.csv-X1vs2",1,1
"197","JBSFL1.csv__PG.csv-X1vs3",1,1
"198","JBSFL1.csv__PG.csv-X1vs4",1,1
"199","JBSFL1.csv__PG.csv-X2vs3",1,1
"200","JBSFL1.csv__PG.csv-X2vs4",1,1
"201","JBSFL1.csv__PG.csv-X3vs4",1,1
"202","JBSFL1.csv__PO.csv-H1N1",1,1
"203","JBSFL1.csv__PO.csv-H3N2",1,1
"204","JBSFL1.csv__ProudD_2008_AmJRespirCritCareMed.Table2.processed.csv-original.symbol",1,1
"205","JBSFL1.csv__ProudD_2008_AmJRespirCritCareMed.Table2.processed.csv-symbol",1,1
"206","JBSFL1.csv__ProudD_2008_AmJRespirCritCareMed.Table2.processed.csv-gene_id",1,1
"207","JBSFL1.csv__ProudD_2008_AmJRespirCritCareMed.Table3.processed.csv-original.symbol",1,1
"208","JBSFL1.csv__ProudD_2008_AmJRespirCritCareMed.Table3.processed.csv-symbol",1,1
"209","JBSFL1.csv__ProudD_2008_AmJRespirCritCareMed.Table3.processed.csv-gene_id",1,1
"210","JBSFL1.csv__SHM.csv-Rhinovirus",1,1
"211","JBSFL1.csv__SHM.csv-RSV",1,1
"212","JBSFL1.csv__SHM.csv-Influenza",1,1
"213","JBSFL1.csv__SHM.csv-Panviral",1,1
"214","JBSFL1.csv__SHM.csv-Literature",1,1
"215","JBSFL1.csv__STM.csv-H3N2.H1N1",1,1
"216","JBSFL1.csv__Systems biology of vaccination for seasonal influenza in humans. - Sheet1.csv-Table.S6..Sets.of.2.4.genes.identified.by.DAMIP.model..first.analysis..as.predictors.of.HAI.response..",1,1
"217","JBSFL1.csv__Systems biology of vaccination for seasonal influenza in humans. - Sheet1.csv-Table.S8..Sets.of.genes.identified.by.DAMIP.model..second.analysis..as.predictors.of.HAI.response..",1,1
"218","JBSFL1.csv__Systems biology of vaccination for seasonal influenza in humans. - Sheet1.csv-Table.S9..Sets.of.genes.identified.by.DAMIP.model..third.analysis..as.predictors.of.HAI.response..",1,1
"219","JBSFL1.csv__TBE.csv-Single.Task",1,1
"220","JBSFL1.csv__TBE.csv-Multi.Task",1,1
"221","JBSFL2.csv__Analysis of gene-expression profiles by oligonucleotide microarray in children with influenza.  - Sheet1.csv-Fig.1..acute.phase.influenza.virus.infection.",1,1
"222","JBSFL2.csv__Analysis of gene-expression profiles by oligonucleotide microarray in children with influenza.  - Sheet1.csv-Table.1..febrile.convulsion.",1,1
"223","JBSFL2.csv__A whole genome transcriptional analysis of the early immune response induced by live attenuated and inactivated influenza vaccines in young children. Table 2 (co-expression cluste.csv-A",1,1
"224","JBSFL2.csv__A whole genome transcriptional analysis of the early immune response induced by live attenuated and inactivated influenza vaccines in young children. Table 2 (co-expression cluste.csv-B",1,1
"225","JBSFL2.csv__A whole genome transcriptional analysis of the early immune response induced by live attenuated and inactivated influenza vaccines in young children. Table 2 (co-expression cluste.csv-C",1,1
"226","JBSFL2.csv__A whole genome transcriptional analysis of the early immune response induced by live attenuated and inactivated influenza vaccines in young children. Table 2 (co-expression cluste.csv-D",1,1
"227","JBSFL2.csv__A whole genome transcriptional analysis of the early immune response induced by live attenuated and inactivated influenza vaccines in young children. Table 2 (co-expression cluste.csv-E",1,1
"228","JBSFL2.csv__A whole genome transcriptional analysis of the early immune response induced by live attenuated and inactivated influenza vaccines in young children. Table 2 (co-expression cluste.csv-F",1,1
"229","JBSFL2.csv__Bioinf.csv-WO.Baseline",1,1
"230","JBSFL2.csv__Bioinf.csv-W.Baseline",1,1
"231","JBSFL2.csv__BMC.csv-Combined",1,1
"232","JBSFL2.csv__DavenportEE_2015_JMolMed.FigS3.processed.csv-original.symbol",1,1
"233","JBSFL2.csv__DavenportEE_2015_JMolMed.FigS3.processed.csv-symbol",1,1
"234","JBSFL2.csv__DavenportEE_2015_JMolMed.FigS3.processed.csv-gene_id",1,1
"235","JBSFL2.csv__DavenportEE_2015_JMolMed.TableS3.processed.csv-original.symbol",0.294940403631621,0.954218952925833
"236","JBSFL2.csv__DavenportEE_2015_JMolMed.TableS3.processed.csv-symbol",0.270013264913923,0.89231851495159
"237","JBSFL2.csv__DavenportEE_2015_JMolMed.TableS3.processed.csv-gene_id",1,1
"238","JBSFL2.csv__JASA.csv-Principal.Response",1,1
"239","JBSFL2.csv__JASA.csv-X",1,1
"240","JBSFL2.csv__JASA.csv-Secondary.Response",1,1
"241","JBSFL2.csv__JASA.csv-X.1",1,1
"242","JBSFL2.csv__JASA.csv-Gender.Factor",0.0182137840049461,0.0893287495783981
"243","JBSFL2.csv__JASA.csv-X.2",1,1
"244","JBSFL2.csv__McClainMT_2016_OpenForumInfectDis.SupplementalTable2.processed.csv-original.symbol",1,1
"245","JBSFL2.csv__McClainMT_2016_OpenForumInfectDis.SupplementalTable2.processed.csv-symbol",1,1
"246","JBSFL2.csv__McClainMT_2016_OpenForumInfectDis.SupplementalTable2.processed.csv-gene_id",1,1
"247","JBSFL2.csv__MullerJ_2017_JTranslMed.TableS3.processed.csv-original.symbol",1,1
"248","JBSFL2.csv__MullerJ_2017_JTranslMed.TableS3.processed.csv-symbol",1,1
"249","JBSFL2.csv__MullerJ_2017_JTranslMed.TableS3.processed.csv-gene_id",1,1
"250","JBSFL2.csv__OF.csv-Current.Signature",1,1
"251","JBSFL2.csv__PG.csv-X1vs2",1,1
"252","JBSFL2.csv__PG.csv-X1vs3",1,1
"253","JBSFL2.csv__PG.csv-X1vs4",1,1
"254","JBSFL2.csv__PG.csv-X2vs3",1.96375583364267e-05,0.000182179758060826
"255","JBSFL2.csv__PG.csv-X2vs4",1,1
"256","JBSFL2.csv__PG.csv-X3vs4",1,1
"257","JBSFL2.csv__PO.csv-H1N1",1,1
"258","JBSFL2.csv__PO.csv-H3N2",1,1
"259","JBSFL2.csv__ProudD_2008_AmJRespirCritCareMed.Table2.processed.csv-original.symbol",1,1
"260","JBSFL2.csv__ProudD_2008_AmJRespirCritCareMed.Table2.processed.csv-symbol",1,1
"261","JBSFL2.csv__ProudD_2008_AmJRespirCritCareMed.Table2.processed.csv-gene_id",1,1
"262","JBSFL2.csv__ProudD_2008_AmJRespirCritCareMed.Table3.processed.csv-original.symbol",1,1
"263","JBSFL2.csv__ProudD_2008_AmJRespirCritCareMed.Table3.processed.csv-symbol",1,1
"264","JBSFL2.csv__ProudD_2008_AmJRespirCritCareMed.Table3.processed.csv-gene_id",1,1
"265","JBSFL2.csv__SHM.csv-Rhinovirus",1,1
"266","JBSFL2.csv__SHM.csv-RSV",1,1
"267","JBSFL2.csv__SHM.csv-Influenza",1,1
"268","JBSFL2.csv__SHM.csv-Panviral",1,1
"269","JBSFL2.csv__SHM.csv-Literature",1,1
"270","JBSFL2.csv__STM.csv-H3N2.H1N1",0.0167959855336015,0.0856484030521402
"271","JBSFL2.csv__Systems biology of vaccination for seasonal influenza in humans. - Sheet1.csv-Table.S6..Sets.of.2.4.genes.identified.by.DAMIP.model..first.analysis..as.predictors.of.HAI.response..",1,1
"272","JBSFL2.csv__Systems biology of vaccination for seasonal influenza in humans. - Sheet1.csv-Table.S8..Sets.of.genes.identified.by.DAMIP.model..second.analysis..as.predictors.of.HAI.response..",1,1
"273","JBSFL2.csv__Systems biology of vaccination for seasonal influenza in humans. - Sheet1.csv-Table.S9..Sets.of.genes.identified.by.DAMIP.model..third.analysis..as.predictors.of.HAI.response..",1,1
"274","JBSFL2.csv__TBE.csv-Single.Task",1,1
"275","JBSFL2.csv__TBE.csv-Multi.Task",1,1
"276","JBSFL3.csv__Analysis of gene-expression profiles by oligonucleotide microarray in children with influenza.  - Sheet1.csv-Fig.1..acute.phase.influenza.virus.infection.",1,1
"277","JBSFL3.csv__Analysis of gene-expression profiles by oligonucleotide microarray in children with influenza.  - Sheet1.csv-Table.1..febrile.convulsion.",1,1
"278","JBSFL3.csv__A whole genome transcriptional analysis of the early immune response induced by live attenuated and inactivated influenza vaccines in young children. Table 2 (co-expression cluste.csv-A",1,1
"279","JBSFL3.csv__A whole genome transcriptional analysis of the early immune response induced by live attenuated and inactivated influenza vaccines in young children. Table 2 (co-expression cluste.csv-B",1,1
"280","JBSFL3.csv__A whole genome transcriptional analysis of the early immune response induced by live attenuated and inactivated influenza vaccines in young children. Table 2 (co-expression cluste.csv-C",1,1
"281","JBSFL3.csv__A whole genome transcriptional analysis of the early immune response induced by live attenuated and inactivated influenza vaccines in young children. Table 2 (co-expression cluste.csv-D",1,1
"282","JBSFL3.csv__A whole genome transcriptional analysis of the early immune response induced by live attenuated and inactivated influenza vaccines in young children. Table 2 (co-expression cluste.csv-E",1,1
"283","JBSFL3.csv__A whole genome transcriptional analysis of the early immune response induced by live attenuated and inactivated influenza vaccines in young children. Table 2 (co-expression cluste.csv-F",1,1
"284","JBSFL3.csv__Bioinf.csv-WO.Baseline",0.0149114554017127,0.0781076235327807
"285","JBSFL3.csv__Bioinf.csv-W.Baseline",1,1
"286","JBSFL3.csv__BMC.csv-Combined",1,1
"287","JBSFL3.csv__DavenportEE_2015_JMolMed.FigS3.processed.csv-original.symbol",1,1
"288","JBSFL3.csv__DavenportEE_2015_JMolMed.FigS3.processed.csv-symbol",1,1
"289","JBSFL3.csv__DavenportEE_2015_JMolMed.FigS3.processed.csv-gene_id",1,1
"290","JBSFL3.csv__DavenportEE_2015_JMolMed.TableS3.processed.csv-original.symbol",1,1
"291","JBSFL3.csv__DavenportEE_2015_JMolMed.TableS3.processed.csv-symbol",1,1
"292","JBSFL3.csv__DavenportEE_2015_JMolMed.TableS3.processed.csv-gene_id",1,1
"293","JBSFL3.csv__JASA.csv-Principal.Response",1,1
"294","JBSFL3.csv__JASA.csv-X",1,1
"295","JBSFL3.csv__JASA.csv-Secondary.Response",1,1
"296","JBSFL3.csv__JASA.csv-X.1",1,1
"297","JBSFL3.csv__JASA.csv-Gender.Factor",1,1
"298","JBSFL3.csv__JASA.csv-X.2",1,1
"299","JBSFL3.csv__McClainMT_2016_OpenForumInfectDis.SupplementalTable2.processed.csv-original.symbol",1,1
"300","JBSFL3.csv__McClainMT_2016_OpenForumInfectDis.SupplementalTable2.processed.csv-symbol",1,1
"301","JBSFL3.csv__McClainMT_2016_OpenForumInfectDis.SupplementalTable2.processed.csv-gene_id",1,1
"302","JBSFL3.csv__MullerJ_2017_JTranslMed.TableS3.processed.csv-original.symbol",1,1
"303","JBSFL3.csv__MullerJ_2017_JTranslMed.TableS3.processed.csv-symbol",1,1
"304","JBSFL3.csv__MullerJ_2017_JTranslMed.TableS3.processed.csv-gene_id",1,1
"305","JBSFL3.csv__OF.csv-Current.Signature",1,1
"306","JBSFL3.csv__PG.csv-X1vs2",1,1
"307","JBSFL3.csv__PG.csv-X1vs3",1,1
"308","JBSFL3.csv__PG.csv-X1vs4",1,1
"309","JBSFL3.csv__PG.csv-X2vs3",1,1
"310","JBSFL3.csv__PG.csv-X2vs4",1,1
"311","JBSFL3.csv__PG.csv-X3vs4",1,1
"312","JBSFL3.csv__PO.csv-H1N1",1,1
"313","JBSFL3.csv__PO.csv-H3N2",1,1
"314","JBSFL3.csv__ProudD_2008_AmJRespirCritCareMed.Table2.processed.csv-original.symbol",1,1
"315","JBSFL3.csv__ProudD_2008_AmJRespirCritCareMed.Table2.processed.csv-symbol",1,1
"316","JBSFL3.csv__ProudD_2008_AmJRespirCritCareMed.Table2.processed.csv-gene_id",1,1
"317","JBSFL3.csv__ProudD_2008_AmJRespirCritCareMed.Table3.processed.csv-original.symbol",1,1
"318","JBSFL3.csv__ProudD_2008_AmJRespirCritCareMed.Table3.processed.csv-symbol",1,1
"319","JBSFL3.csv__ProudD_2008_AmJRespirCritCareMed.Table3.processed.csv-gene_id",1,1
"320","JBSFL3.csv__SHM.csv-Rhinovirus",1,1
"321","JBSFL3.csv__SHM.csv-RSV",1,1
"322","JBSFL3.csv__SHM.csv-Influenza",1,1
"323","JBSFL3.csv__SHM.csv-Panviral",1,1
"324","JBSFL3.csv__SHM.csv-Literature",1,1
"325","JBSFL3.csv__STM.csv-H3N2.H1N1",1,1
"326","JBSFL3.csv__Systems biology of vaccination for seasonal influenza in humans. - Sheet1.csv-Table.S6..Sets.of.2.4.genes.identified.by.DAMIP.model..first.analysis..as.predictors.of.HAI.response..",1,1
"327","JBSFL3.csv__Systems biology of vaccination for seasonal influenza in humans. - Sheet1.csv-Table.S8..Sets.of.genes.identified.by.DAMIP.model..second.analysis..as.predictors.of.HAI.response..",1,1
"328","JBSFL3.csv__Systems biology of vaccination for seasonal influenza in humans. - Sheet1.csv-Table.S9..Sets.of.genes.identified.by.DAMIP.model..third.analysis..as.predictors.of.HAI.response..",1,1
"329","JBSFL3.csv__TBE.csv-Single.Task",1,1
"330","JBSFL3.csv__TBE.csv-Multi.Task",1,1
"331","JBSFL4.csv__Analysis of gene-expression profiles by oligonucleotide microarray in children with influenza.  - Sheet1.csv-Fig.1..acute.phase.influenza.virus.infection.",0.138383542033356,0.493311700767056
"332","JBSFL4.csv__Analysis of gene-expression profiles by oligonucleotide microarray in children with influenza.  - Sheet1.csv-Table.1..febrile.convulsion.",1,1
"333","JBSFL4.csv__A whole genome transcriptional analysis of the early immune response induced by live attenuated and inactivated influenza vaccines in young children. Table 2 (co-expression cluste.csv-A",0.0500451168152488,0.206068128062789
"334","JBSFL4.csv__A whole genome transcriptional analysis of the early immune response induced by live attenuated and inactivated influenza vaccines in young children. Table 2 (co-expression cluste.csv-B",1.48177612064513e-06,1.56296933273528e-05
"335","JBSFL4.csv__A whole genome transcriptional analysis of the early immune response induced by live attenuated and inactivated influenza vaccines in young children. Table 2 (co-expression cluste.csv-C",1,1
"336","JBSFL4.csv__A whole genome transcriptional analysis of the early immune response induced by live attenuated and inactivated influenza vaccines in young children. Table 2 (co-expression cluste.csv-D",1,1
"337","JBSFL4.csv__A whole genome transcriptional analysis of the early immune response induced by live attenuated and inactivated influenza vaccines in young children. Table 2 (co-expression cluste.csv-E",1,1
"338","JBSFL4.csv__A whole genome transcriptional analysis of the early immune response induced by live attenuated and inactivated influenza vaccines in young children. Table 2 (co-expression cluste.csv-F",1,1
"339","JBSFL4.csv__Bioinf.csv-WO.Baseline",2.41439748205204e-06,2.47878141490676e-05
"340","JBSFL4.csv__Bioinf.csv-W.Baseline",1,1
"341","JBSFL4.csv__BMC.csv-Combined",1,1
"342","JBSFL4.csv__DavenportEE_2015_JMolMed.FigS3.processed.csv-original.symbol",1,1
"343","JBSFL4.csv__DavenportEE_2015_JMolMed.FigS3.processed.csv-symbol",1,1
"344","JBSFL4.csv__DavenportEE_2015_JMolMed.FigS3.processed.csv-gene_id",1,1
"345","JBSFL4.csv__DavenportEE_2015_JMolMed.TableS3.processed.csv-original.symbol",0.722940554081931,1
"346","JBSFL4.csv__DavenportEE_2015_JMolMed.TableS3.processed.csv-symbol",0.645104863052566,1
"347","JBSFL4.csv__DavenportEE_2015_JMolMed.TableS3.processed.csv-gene_id",1,1
"348","JBSFL4.csv__JASA.csv-Principal.Response",1,1
"349","JBSFL4.csv__JASA.csv-X",1,1
"350","JBSFL4.csv__JASA.csv-Secondary.Response",1,1
"351","JBSFL4.csv__JASA.csv-X.1",1,1
"352","JBSFL4.csv__JASA.csv-Gender.Factor",7.50442027635949e-09,1.03185778799943e-07
"353","JBSFL4.csv__JASA.csv-X.2",6.32628080492436e-06,6.0890452747397e-05
"354","JBSFL4.csv__McClainMT_2016_OpenForumInfectDis.SupplementalTable2.processed.csv-original.symbol",1,1
"355","JBSFL4.csv__McClainMT_2016_OpenForumInfectDis.SupplementalTable2.processed.csv-symbol",1,1
"356","JBSFL4.csv__McClainMT_2016_OpenForumInfectDis.SupplementalTable2.processed.csv-gene_id",1,1
"357","JBSFL4.csv__MullerJ_2017_JTranslMed.TableS3.processed.csv-original.symbol",1,1
"358","JBSFL4.csv__MullerJ_2017_JTranslMed.TableS3.processed.csv-symbol",1,1
"359","JBSFL4.csv__MullerJ_2017_JTranslMed.TableS3.processed.csv-gene_id",1,1
"360","JBSFL4.csv__OF.csv-Current.Signature",1,1
"361","JBSFL4.csv__PG.csv-X1vs2",1,1
"362","JBSFL4.csv__PG.csv-X1vs3",1,1
"363","JBSFL4.csv__PG.csv-X1vs4",1,1
"364","JBSFL4.csv__PG.csv-X2vs3",1,1
"365","JBSFL4.csv__PG.csv-X2vs4",1,1
"366","JBSFL4.csv__PG.csv-X3vs4",1,1
"367","JBSFL4.csv__PO.csv-H1N1",1,1
"368","JBSFL4.csv__PO.csv-H3N2",1,1
"369","JBSFL4.csv__ProudD_2008_AmJRespirCritCareMed.Table2.processed.csv-original.symbol",1,1
"370","JBSFL4.csv__ProudD_2008_AmJRespirCritCareMed.Table2.processed.csv-symbol",0.155915613279818,0.540788388402974
"371","JBSFL4.csv__ProudD_2008_AmJRespirCritCareMed.Table2.processed.csv-gene_id",1,1
"372","JBSFL4.csv__ProudD_2008_AmJRespirCritCareMed.Table3.processed.csv-original.symbol",1,1
"373","JBSFL4.csv__ProudD_2008_AmJRespirCritCareMed.Table3.processed.csv-symbol",1,1
"374","JBSFL4.csv__ProudD_2008_AmJRespirCritCareMed.Table3.processed.csv-gene_id",1,1
"375","JBSFL4.csv__SHM.csv-Rhinovirus",1,1
"376","JBSFL4.csv__SHM.csv-RSV",1,1
"377","JBSFL4.csv__SHM.csv-Influenza",1,1
"378","JBSFL4.csv__SHM.csv-Panviral",1,1
"379","JBSFL4.csv__SHM.csv-Literature",1,1
"380","JBSFL4.csv__STM.csv-H3N2.H1N1",1,1
"381","JBSFL4.csv__Systems biology of vaccination for seasonal influenza in humans. - Sheet1.csv-Table.S6..Sets.of.2.4.genes.identified.by.DAMIP.model..first.analysis..as.predictors.of.HAI.response..",0.150403085594407,0.526410799580424
"382","JBSFL4.csv__Systems biology of vaccination for seasonal influenza in humans. - Sheet1.csv-Table.S8..Sets.of.genes.identified.by.DAMIP.model..second.analysis..as.predictors.of.HAI.response..",0.151566064105101,0.528080856836778
"383","JBSFL4.csv__Systems biology of vaccination for seasonal influenza in humans. - Sheet1.csv-Table.S9..Sets.of.genes.identified.by.DAMIP.model..third.analysis..as.predictors.of.HAI.response..",0.120490224005818,0.433539591048971
"384","JBSFL4.csv__TBE.csv-Single.Task",1,1
"385","JBSFL4.csv__TBE.csv-Multi.Task",1,1
"386","JBSFL5.csv__Analysis of gene-expression profiles by oligonucleotide microarray in children with influenza.  - Sheet1.csv-Fig.1..acute.phase.influenza.virus.infection.",1,1
"387","JBSFL5.csv__Analysis of gene-expression profiles by oligonucleotide microarray in children with influenza.  - Sheet1.csv-Table.1..febrile.convulsion.",1,1
"388","JBSFL5.csv__A whole genome transcriptional analysis of the early immune response induced by live attenuated and inactivated influenza vaccines in young children. Table 2 (co-expression cluste.csv-A",1,1
"389","JBSFL5.csv__A whole genome transcriptional analysis of the early immune response induced by live attenuated and inactivated influenza vaccines in young children. Table 2 (co-expression cluste.csv-B",0.0735133119096243,0.284995963626334
"390","JBSFL5.csv__A whole genome transcriptional analysis of the early immune response induced by live attenuated and inactivated influenza vaccines in young children. Table 2 (co-expression cluste.csv-C",0.00174206066944624,0.0109949730776525
"391","JBSFL5.csv__A whole genome transcriptional analysis of the early immune response induced by live attenuated and inactivated influenza vaccines in young children. Table 2 (co-expression cluste.csv-D",1,1
"392","JBSFL5.csv__A whole genome transcriptional analysis of the early immune response induced by live attenuated and inactivated influenza vaccines in young children. Table 2 (co-expression cluste.csv-E",1,1
"393","JBSFL5.csv__A whole genome transcriptional analysis of the early immune response induced by live attenuated and inactivated influenza vaccines in young children. Table 2 (co-expression cluste.csv-F",1,1
"394","JBSFL5.csv__Bioinf.csv-WO.Baseline",0.286273476374853,0.934027867833207
"395","JBSFL5.csv__Bioinf.csv-W.Baseline",1,1
"396","JBSFL5.csv__BMC.csv-Combined",1,1
"397","JBSFL5.csv__DavenportEE_2015_JMolMed.FigS3.processed.csv-original.symbol",1,1
"398","JBSFL5.csv__DavenportEE_2015_JMolMed.FigS3.processed.csv-symbol",1,1
"399","JBSFL5.csv__DavenportEE_2015_JMolMed.FigS3.processed.csv-gene_id",1,1
"400","JBSFL5.csv__DavenportEE_2015_JMolMed.TableS3.processed.csv-original.symbol",0.930173724385787,1
"401","JBSFL5.csv__DavenportEE_2015_JMolMed.TableS3.processed.csv-symbol",0.901203469336407,1
"402","JBSFL5.csv__DavenportEE_2015_JMolMed.TableS3.processed.csv-gene_id",1,1
"403","JBSFL5.csv__JASA.csv-Principal.Response",1,1
"404","JBSFL5.csv__JASA.csv-X",1,1
"405","JBSFL5.csv__JASA.csv-Secondary.Response",1,1
"406","JBSFL5.csv__JASA.csv-X.1",1,1
"407","JBSFL5.csv__JASA.csv-Gender.Factor",0.00155872312906858,0.00991914718498188
"408","JBSFL5.csv__JASA.csv-X.2",0.204848922149703,0.697936593164918
"409","JBSFL5.csv__McClainMT_2016_OpenForumInfectDis.SupplementalTable2.processed.csv-original.symbol",1,1
"410","JBSFL5.csv__McClainMT_2016_OpenForumInfectDis.SupplementalTable2.processed.csv-symbol",1,1
"411","JBSFL5.csv__McClainMT_2016_OpenForumInfectDis.SupplementalTable2.processed.csv-gene_id",1,1
"412","JBSFL5.csv__MullerJ_2017_JTranslMed.TableS3.processed.csv-original.symbol",1,1
"413","JBSFL5.csv__MullerJ_2017_JTranslMed.TableS3.processed.csv-symbol",1,1
"414","JBSFL5.csv__MullerJ_2017_JTranslMed.TableS3.processed.csv-gene_id",1,1
"415","JBSFL5.csv__OF.csv-Current.Signature",1,1
"416","JBSFL5.csv__PG.csv-X1vs2",1,1
"417","JBSFL5.csv__PG.csv-X1vs3",1,1
"418","JBSFL5.csv__PG.csv-X1vs4",1,1
"419","JBSFL5.csv__PG.csv-X2vs3",1.82407811604709e-08,2.46410552518642e-07
"420","JBSFL5.csv__PG.csv-X2vs4",1,1
"421","JBSFL5.csv__PG.csv-X3vs4",1,1
"422","JBSFL5.csv__PO.csv-H1N1",1,1
"423","JBSFL5.csv__PO.csv-H3N2",1,1
"424","JBSFL5.csv__ProudD_2008_AmJRespirCritCareMed.Table2.processed.csv-original.symbol",1,1
"425","JBSFL5.csv__ProudD_2008_AmJRespirCritCareMed.Table2.processed.csv-symbol",1,1
"426","JBSFL5.csv__ProudD_2008_AmJRespirCritCareMed.Table2.processed.csv-gene_id",1,1
"427","JBSFL5.csv__ProudD_2008_AmJRespirCritCareMed.Table3.processed.csv-original.symbol",1,1
"428","JBSFL5.csv__ProudD_2008_AmJRespirCritCareMed.Table3.processed.csv-symbol",1,1
"429","JBSFL5.csv__ProudD_2008_AmJRespirCritCareMed.Table3.processed.csv-gene_id",1,1
"430","JBSFL5.csv__SHM.csv-Rhinovirus",1,1
"431","JBSFL5.csv__SHM.csv-RSV",1,1
"432","JBSFL5.csv__SHM.csv-Influenza",1,1
"433","JBSFL5.csv__SHM.csv-Panviral",1,1
"434","JBSFL5.csv__SHM.csv-Literature",1,1
"435","JBSFL5.csv__STM.csv-H3N2.H1N1",0.00122953794200235,0.00833929998679268
"436","JBSFL5.csv__Systems biology of vaccination for seasonal influenza in humans. - Sheet1.csv-Table.S6..Sets.of.2.4.genes.identified.by.DAMIP.model..first.analysis..as.predictors.of.HAI.response..",1,1
"437","JBSFL5.csv__Systems biology of vaccination for seasonal influenza in humans. - Sheet1.csv-Table.S8..Sets.of.genes.identified.by.DAMIP.model..second.analysis..as.predictors.of.HAI.response..",1,1
"438","JBSFL5.csv__Systems biology of vaccination for seasonal influenza in humans. - Sheet1.csv-Table.S9..Sets.of.genes.identified.by.DAMIP.model..third.analysis..as.predictors.of.HAI.response..",1,1
"439","JBSFL5.csv__TBE.csv-Single.Task",1,1
"440","JBSFL5.csv__TBE.csv-Multi.Task",1,1
"441","JBSFL6.csv__Analysis of gene-expression profiles by oligonucleotide microarray in children with influenza.  - Sheet1.csv-Fig.1..acute.phase.influenza.virus.infection.",1,1
"442","JBSFL6.csv__Analysis of gene-expression profiles by oligonucleotide microarray in children with influenza.  - Sheet1.csv-Table.1..febrile.convulsion.",1,1
"443","JBSFL6.csv__A whole genome transcriptional analysis of the early immune response induced by live attenuated and inactivated influenza vaccines in young children. Table 2 (co-expression cluste.csv-A",1,1
"444","JBSFL6.csv__A whole genome transcriptional analysis of the early immune response induced by live attenuated and inactivated influenza vaccines in young children. Table 2 (co-expression cluste.csv-B",1,1
"445","JBSFL6.csv__A whole genome transcriptional analysis of the early immune response induced by live attenuated and inactivated influenza vaccines in young children. Table 2 (co-expression cluste.csv-C",0.0213235807035745,0.100731025409524
"446","JBSFL6.csv__A whole genome transcriptional analysis of the early immune response induced by live attenuated and inactivated influenza vaccines in young children. Table 2 (co-expression cluste.csv-D",0.108440597006851,0.399517988972609
"447","JBSFL6.csv__A whole genome transcriptional analysis of the early immune response induced by live attenuated and inactivated influenza vaccines in young children. Table 2 (co-expression cluste.csv-E",0.000955329367527259,0.00687480012145784
"448","JBSFL6.csv__A whole genome transcriptional analysis of the early immune response induced by live attenuated and inactivated influenza vaccines in young children. Table 2 (co-expression cluste.csv-F",0.045672645527163,0.192174519431232
"449","JBSFL6.csv__Bioinf.csv-WO.Baseline",7.99963683832773e-07,8.67566248663711e-06
"450","JBSFL6.csv__Bioinf.csv-W.Baseline",0.0736548009891436,0.284995963626334
"451","JBSFL6.csv__BMC.csv-Combined",0.00671005894438041,0.0379907749056832
"452","JBSFL6.csv__DavenportEE_2015_JMolMed.FigS3.processed.csv-original.symbol",1,1
"453","JBSFL6.csv__DavenportEE_2015_JMolMed.FigS3.processed.csv-symbol",1,1
"454","JBSFL6.csv__DavenportEE_2015_JMolMed.FigS3.processed.csv-gene_id",1,1
"455","JBSFL6.csv__DavenportEE_2015_JMolMed.TableS3.processed.csv-original.symbol",0.0494610526825031,0.20475812132004
"456","JBSFL6.csv__DavenportEE_2015_JMolMed.TableS3.processed.csv-symbol",0.0297542296189175,0.134769157685685
"457","JBSFL6.csv__DavenportEE_2015_JMolMed.TableS3.processed.csv-gene_id",1,1
"458","JBSFL6.csv__JASA.csv-Principal.Response",0.00133073903707661,0.00868363608939825
"459","JBSFL6.csv__JASA.csv-X",0.00133073903707661,0.00868363608939825
"460","JBSFL6.csv__JASA.csv-Secondary.Response",1,1
"461","JBSFL6.csv__JASA.csv-X.1",1,1
"462","JBSFL6.csv__JASA.csv-Gender.Factor",7.76832374026666e-08,9.49461790477036e-07
"463","JBSFL6.csv__JASA.csv-X.2",0.195003366075995,0.670324070886232
"464","JBSFL6.csv__McClainMT_2016_OpenForumInfectDis.SupplementalTable2.processed.csv-original.symbol",0.00125631012788046,0.00833929998679268
"465","JBSFL6.csv__McClainMT_2016_OpenForumInfectDis.SupplementalTable2.processed.csv-symbol",0.00125631012788046,0.00833929998679268
"466","JBSFL6.csv__McClainMT_2016_OpenForumInfectDis.SupplementalTable2.processed.csv-gene_id",1,1
"467","JBSFL6.csv__MullerJ_2017_JTranslMed.TableS3.processed.csv-original.symbol",0.077585334617196,0.295746077501193
"468","JBSFL6.csv__MullerJ_2017_JTranslMed.TableS3.processed.csv-symbol",0.077585334617196,0.295746077501193
"469","JBSFL6.csv__MullerJ_2017_JTranslMed.TableS3.processed.csv-gene_id",1,1
"470","JBSFL6.csv__OF.csv-Current.Signature",0.00125631012788046,0.00833929998679268
"471","JBSFL6.csv__PG.csv-X1vs2",1,1
"472","JBSFL6.csv__PG.csv-X1vs3",1,1
"473","JBSFL6.csv__PG.csv-X1vs4",1,1
"474","JBSFL6.csv__PG.csv-X2vs3",1.12669905767598e-06,1.20494204779237e-05
"475","JBSFL6.csv__PG.csv-X2vs4",0.0375250716199291,0.163624678424427
"476","JBSFL6.csv__PG.csv-X3vs4",1,1
"477","JBSFL6.csv__PO.csv-H1N1",0.00125631012788046,0.00833929998679268
"478","JBSFL6.csv__PO.csv-H3N2",0.00125631012788046,0.00833929998679268
"479","JBSFL6.csv__ProudD_2008_AmJRespirCritCareMed.Table2.processed.csv-original.symbol",0.00863085004994292,0.0478111837298996
"480","JBSFL6.csv__ProudD_2008_AmJRespirCritCareMed.Table2.processed.csv-symbol",0.00863085004994292,0.0478111837298996
"481","JBSFL6.csv__ProudD_2008_AmJRespirCritCareMed.Table2.processed.csv-gene_id",1,1
"482","JBSFL6.csv__ProudD_2008_AmJRespirCritCareMed.Table3.processed.csv-original.symbol",1,1
"483","JBSFL6.csv__ProudD_2008_AmJRespirCritCareMed.Table3.processed.csv-symbol",1,1
"484","JBSFL6.csv__ProudD_2008_AmJRespirCritCareMed.Table3.processed.csv-gene_id",1,1
"485","JBSFL6.csv__SHM.csv-Rhinovirus",0.00583310901559759,0.0336794016716911
"486","JBSFL6.csv__SHM.csv-RSV",0.0054159327270813,0.0318341083958214
"487","JBSFL6.csv__SHM.csv-Influenza",0.000159210063984764,0.00129043946598177
"488","JBSFL6.csv__SHM.csv-Panviral",0.000224683071255582,0.00171293034521583
"489","JBSFL6.csv__SHM.csv-Literature",0.00626452639593177,0.0357310024064256
"490","JBSFL6.csv__STM.csv-H3N2.H1N1",1.65883247355414e-06,1.72608243869823e-05
"491","JBSFL6.csv__Systems biology of vaccination for seasonal influenza in humans. - Sheet1.csv-Table.S6..Sets.of.2.4.genes.identified.by.DAMIP.model..first.analysis..as.predictors.of.HAI.response..",1,1
"492","JBSFL6.csv__Systems biology of vaccination for seasonal influenza in humans. - Sheet1.csv-Table.S8..Sets.of.genes.identified.by.DAMIP.model..second.analysis..as.predictors.of.HAI.response..",1,1
"493","JBSFL6.csv__Systems biology of vaccination for seasonal influenza in humans. - Sheet1.csv-Table.S9..Sets.of.genes.identified.by.DAMIP.model..third.analysis..as.predictors.of.HAI.response..",1,1
"494","JBSFL6.csv__TBE.csv-Single.Task",0.0191120917090695,0.0914056559998977
"495","JBSFL6.csv__TBE.csv-Multi.Task",0.0191120917090695,0.0914056559998977
"496","JBSFL7.csv__Analysis of gene-expression profiles by oligonucleotide microarray in children with influenza.  - Sheet1.csv-Fig.1..acute.phase.influenza.virus.infection.",0.000793253938139769,0.00576231634309077
"497","JBSFL7.csv__Analysis of gene-expression profiles by oligonucleotide microarray in children with influenza.  - Sheet1.csv-Table.1..febrile.convulsion.",0.610515454772441,1
"498","JBSFL7.csv__A whole genome transcriptional analysis of the early immune response induced by live attenuated and inactivated influenza vaccines in young children. Table 2 (co-expression cluste.csv-A",0.00400148256513281,0.0240714185558771
"499","JBSFL7.csv__A whole genome transcriptional analysis of the early immune response induced by live attenuated and inactivated influenza vaccines in young children. Table 2 (co-expression cluste.csv-B",0.720602892517325,1
"500","JBSFL7.csv__A whole genome transcriptional analysis of the early immune response induced by live attenuated and inactivated influenza vaccines in young children. Table 2 (co-expression cluste.csv-C",0.0353589828868305,0.156473659901491
"501","JBSFL7.csv__A whole genome transcriptional analysis of the early immune response induced by live attenuated and inactivated influenza vaccines in young children. Table 2 (co-expression cluste.csv-D",8.21047603913751e-10,1.17075306483998e-08
"502","JBSFL7.csv__A whole genome transcriptional analysis of the early immune response induced by live attenuated and inactivated influenza vaccines in young children. Table 2 (co-expression cluste.csv-E",0.561754295381782,1
"503","JBSFL7.csv__A whole genome transcriptional analysis of the early immune response induced by live attenuated and inactivated influenza vaccines in young children. Table 2 (co-expression cluste.csv-F",2.58487546782219e-06,2.61888698713564e-05
"504","JBSFL7.csv__Bioinf.csv-WO.Baseline",1.94415173844609e-05,0.000182179758060826
"505","JBSFL7.csv__Bioinf.csv-W.Baseline",0.0367049235600963,0.161501663664424
"506","JBSFL7.csv__BMC.csv-Combined",7.21366802588238e-17,1.73578886872795e-15
"507","JBSFL7.csv__DavenportEE_2015_JMolMed.FigS3.processed.csv-original.symbol",0.0643580501180496,0.252835196892338
"508","JBSFL7.csv__DavenportEE_2015_JMolMed.FigS3.processed.csv-symbol",0.0643580501180496,0.252835196892338
"509","JBSFL7.csv__DavenportEE_2015_JMolMed.FigS3.processed.csv-gene_id",1,1
"510","JBSFL7.csv__DavenportEE_2015_JMolMed.TableS3.processed.csv-original.symbol",2.26311790343246e-14,4.35650196410748e-13
"511","JBSFL7.csv__DavenportEE_2015_JMolMed.TableS3.processed.csv-symbol",4.26712158610091e-20,1.21691985973989e-18
"512","JBSFL7.csv__DavenportEE_2015_JMolMed.TableS3.processed.csv-gene_id",1,1
"513","JBSFL7.csv__JASA.csv-Principal.Response",7.5573935558372e-17,1.76339182969535e-15
"514","JBSFL7.csv__JASA.csv-X",5.345493335835e-18,1.32775157051386e-16
"515","JBSFL7.csv__JASA.csv-Secondary.Response",0.0288120698081624,0.132055319954078
"516","JBSFL7.csv__JASA.csv-X.1",0.0288120698081624,0.132055319954078
"517","JBSFL7.csv__JASA.csv-Gender.Factor",0.000218705074013356,0.00170103946454832
"518","JBSFL7.csv__JASA.csv-X.2",1.34472804693421e-13,2.35327408213487e-12
"519","JBSFL7.csv__McClainMT_2016_OpenForumInfectDis.SupplementalTable2.processed.csv-original.symbol",9.81653083544595e-21,3.02349149731735e-19
"520","JBSFL7.csv__McClainMT_2016_OpenForumInfectDis.SupplementalTable2.processed.csv-symbol",5.24588682416386e-22,2.12596466031904e-20
"521","JBSFL7.csv__McClainMT_2016_OpenForumInfectDis.SupplementalTable2.processed.csv-gene_id",1,1
"522","JBSFL7.csv__MullerJ_2017_JTranslMed.TableS3.processed.csv-original.symbol",8.27325173575021e-13,1.32716746594326e-11
"523","JBSFL7.csv__MullerJ_2017_JTranslMed.TableS3.processed.csv-symbol",8.27325173575021e-13,1.32716746594326e-11
"524","JBSFL7.csv__MullerJ_2017_JTranslMed.TableS3.processed.csv-gene_id",1,1
"525","JBSFL7.csv__OF.csv-Current.Signature",9.81653083544595e-21,3.02349149731735e-19
"526","JBSFL7.csv__PG.csv-X1vs2",0.362333543693938,1
"527","JBSFL7.csv__PG.csv-X1vs3",1,1
"528","JBSFL7.csv__PG.csv-X1vs4",1,1
"529","JBSFL7.csv__PG.csv-X2vs3",0.759538353420524,1
"530","JBSFL7.csv__PG.csv-X2vs4",0.0227224735371442,0.10668478429025
"531","JBSFL7.csv__PG.csv-X3vs4",1,1
"532","JBSFL7.csv__PO.csv-H1N1",2.70079077174935e-18,6.93202964749e-17
"533","JBSFL7.csv__PO.csv-H3N2",1.69453075723792e-19,4.65995958240427e-18
"534","JBSFL7.csv__ProudD_2008_AmJRespirCritCareMed.Table2.processed.csv-original.symbol",0.00198120909956632,0.0123026694085973
"535","JBSFL7.csv__ProudD_2008_AmJRespirCritCareMed.Table2.processed.csv-symbol",1.1849107835442e-05,0.000112639667077659
"536","JBSFL7.csv__ProudD_2008_AmJRespirCritCareMed.Table2.processed.csv-gene_id",1,1
"537","JBSFL7.csv__ProudD_2008_AmJRespirCritCareMed.Table3.processed.csv-original.symbol",0.776922514732028,1
"538","JBSFL7.csv__ProudD_2008_AmJRespirCritCareMed.Table3.processed.csv-symbol",0.429239288502037,1
"539","JBSFL7.csv__ProudD_2008_AmJRespirCritCareMed.Table3.processed.csv-gene_id",1,1
"540","JBSFL7.csv__SHM.csv-Rhinovirus",6.61268159265609e-15,1.3399381121961e-13
"541","JBSFL7.csv__SHM.csv-RSV",6.16703719148391e-14,1.13062348510538e-12
"542","JBSFL7.csv__SHM.csv-Influenza",5.63930425370032e-13,9.43970494641141e-12
"543","JBSFL7.csv__SHM.csv-Panviral",1.72619893075181e-14,3.4081363504587e-13
"544","JBSFL7.csv__SHM.csv-Literature",6.81393860754855e-12,1.04934654556248e-10
"545","JBSFL7.csv__STM.csv-H3N2.H1N1",1.75925863968516e-13,3.01028700568349e-12
"546","JBSFL7.csv__Systems biology of vaccination for seasonal influenza in humans. - Sheet1.csv-Table.S6..Sets.of.2.4.genes.identified.by.DAMIP.model..first.analysis..as.predictors.of.HAI.response..",0.00153364956210485,0.00984091802350611
"547","JBSFL7.csv__Systems biology of vaccination for seasonal influenza in humans. - Sheet1.csv-Table.S8..Sets.of.genes.identified.by.DAMIP.model..second.analysis..as.predictors.of.HAI.response..",0.0774399361813885,0.295746077501193
"548","JBSFL7.csv__Systems biology of vaccination for seasonal influenza in humans. - Sheet1.csv-Table.S9..Sets.of.genes.identified.by.DAMIP.model..third.analysis..as.predictors.of.HAI.response..",0.102171406843675,0.380057890191447
"549","JBSFL7.csv__TBE.csv-Single.Task",5.41331135459318e-16,1.1909284980105e-14
"550","JBSFL7.csv__TBE.csv-Multi.Task",7.92341846780042e-14,1.41884470237356e-12
"551","JBSFL8.csv__Analysis of gene-expression profiles by oligonucleotide microarray in children with influenza.  - Sheet1.csv-Fig.1..acute.phase.influenza.virus.infection.",1,1
"552","JBSFL8.csv__Analysis of gene-expression profiles by oligonucleotide microarray in children with influenza.  - Sheet1.csv-Table.1..febrile.convulsion.",1,1
"553","JBSFL8.csv__A whole genome transcriptional analysis of the early immune response induced by live attenuated and inactivated influenza vaccines in young children. Table 2 (co-expression cluste.csv-A",1,1
"554","JBSFL8.csv__A whole genome transcriptional analysis of the early immune response induced by live attenuated and inactivated influenza vaccines in young children. Table 2 (co-expression cluste.csv-B",1,1
"555","JBSFL8.csv__A whole genome transcriptional analysis of the early immune response induced by live attenuated and inactivated influenza vaccines in young children. Table 2 (co-expression cluste.csv-C",0.000374609708960414,0.0027471378657097
"556","JBSFL8.csv__A whole genome transcriptional analysis of the early immune response induced by live attenuated and inactivated influenza vaccines in young children. Table 2 (co-expression cluste.csv-D",1,1
"557","JBSFL8.csv__A whole genome transcriptional analysis of the early immune response induced by live attenuated and inactivated influenza vaccines in young children. Table 2 (co-expression cluste.csv-E",1,1
"558","JBSFL8.csv__A whole genome transcriptional analysis of the early immune response induced by live attenuated and inactivated influenza vaccines in young children. Table 2 (co-expression cluste.csv-F",1,1
"559","JBSFL8.csv__Bioinf.csv-WO.Baseline",1,1
"560","JBSFL8.csv__Bioinf.csv-W.Baseline",1,1
"561","JBSFL8.csv__BMC.csv-Combined",1,1
"562","JBSFL8.csv__DavenportEE_2015_JMolMed.FigS3.processed.csv-original.symbol",1,1
"563","JBSFL8.csv__DavenportEE_2015_JMolMed.FigS3.processed.csv-symbol",1,1
"564","JBSFL8.csv__DavenportEE_2015_JMolMed.FigS3.processed.csv-gene_id",1,1
"565","JBSFL8.csv__DavenportEE_2015_JMolMed.TableS3.processed.csv-original.symbol",0.46229708996181,1
"566","JBSFL8.csv__DavenportEE_2015_JMolMed.TableS3.processed.csv-symbol",0.396710435663261,1
"567","JBSFL8.csv__DavenportEE_2015_JMolMed.TableS3.processed.csv-gene_id",1,1
"568","JBSFL8.csv__JASA.csv-Principal.Response",1,1
"569","JBSFL8.csv__JASA.csv-X",1,1
"570","JBSFL8.csv__JASA.csv-Secondary.Response",1,1
"571","JBSFL8.csv__JASA.csv-X.1",1,1
"572","JBSFL8.csv__JASA.csv-Gender.Factor",1,1
"573","JBSFL8.csv__JASA.csv-X.2",1,1
"574","JBSFL8.csv__McClainMT_2016_OpenForumInfectDis.SupplementalTable2.processed.csv-original.symbol",1,1
"575","JBSFL8.csv__McClainMT_2016_OpenForumInfectDis.SupplementalTable2.processed.csv-symbol",1,1
"576","JBSFL8.csv__McClainMT_2016_OpenForumInfectDis.SupplementalTable2.processed.csv-gene_id",1,1
"577","JBSFL8.csv__MullerJ_2017_JTranslMed.TableS3.processed.csv-original.symbol",1,1
"578","JBSFL8.csv__MullerJ_2017_JTranslMed.TableS3.processed.csv-symbol",1,1
"579","JBSFL8.csv__MullerJ_2017_JTranslMed.TableS3.processed.csv-gene_id",1,1
"580","JBSFL8.csv__OF.csv-Current.Signature",1,1
"581","JBSFL8.csv__PG.csv-X1vs2",1,1
"582","JBSFL8.csv__PG.csv-X1vs3",1,1
"583","JBSFL8.csv__PG.csv-X1vs4",1,1
"584","JBSFL8.csv__PG.csv-X2vs3",0.0490030678005078,0.203958714629141
"585","JBSFL8.csv__PG.csv-X2vs4",1,1
"586","JBSFL8.csv__PG.csv-X3vs4",1,1
"587","JBSFL8.csv__PO.csv-H1N1",1,1
"588","JBSFL8.csv__PO.csv-H3N2",1,1
"589","JBSFL8.csv__ProudD_2008_AmJRespirCritCareMed.Table2.processed.csv-original.symbol",0.0835897598560181,0.31551036808399
"590","JBSFL8.csv__ProudD_2008_AmJRespirCritCareMed.Table2.processed.csv-symbol",0.0835897598560181,0.31551036808399
"591","JBSFL8.csv__ProudD_2008_AmJRespirCritCareMed.Table2.processed.csv-gene_id",1,1
"592","JBSFL8.csv__ProudD_2008_AmJRespirCritCareMed.Table3.processed.csv-original.symbol",1,1
"593","JBSFL8.csv__ProudD_2008_AmJRespirCritCareMed.Table3.processed.csv-symbol",1,1
"594","JBSFL8.csv__ProudD_2008_AmJRespirCritCareMed.Table3.processed.csv-gene_id",1,1
"595","JBSFL8.csv__SHM.csv-Rhinovirus",1,1
"596","JBSFL8.csv__SHM.csv-RSV",1,1
"597","JBSFL8.csv__SHM.csv-Influenza",1,1
"598","JBSFL8.csv__SHM.csv-Panviral",1,1
"599","JBSFL8.csv__SHM.csv-Literature",1,1
"600","JBSFL8.csv__STM.csv-H3N2.H1N1",1,1
"601","JBSFL8.csv__Systems biology of vaccination for seasonal influenza in humans. - Sheet1.csv-Table.S6..Sets.of.2.4.genes.identified.by.DAMIP.model..first.analysis..as.predictors.of.HAI.response..",1,1
"602","JBSFL8.csv__Systems biology of vaccination for seasonal influenza in humans. - Sheet1.csv-Table.S8..Sets.of.genes.identified.by.DAMIP.model..second.analysis..as.predictors.of.HAI.response..",1,1
"603","JBSFL8.csv__Systems biology of vaccination for seasonal influenza in humans. - Sheet1.csv-Table.S9..Sets.of.genes.identified.by.DAMIP.model..third.analysis..as.predictors.of.HAI.response..",1,1
"604","JBSFL8.csv__TBE.csv-Single.Task",1,1
"605","JBSFL8.csv__TBE.csv-Multi.Task",1,1
"606","JBSFL9.csv__Analysis of gene-expression profiles by oligonucleotide microarray in children with influenza.  - Sheet1.csv-Fig.1..acute.phase.influenza.virus.infection.",0.0345323194445711,0.153698762845779
"607","JBSFL9.csv__Analysis of gene-expression profiles by oligonucleotide microarray in children with influenza.  - Sheet1.csv-Table.1..febrile.convulsion.",0.505738012294901,1
"608","JBSFL9.csv__A whole genome transcriptional analysis of the early immune response induced by live attenuated and inactivated influenza vaccines in young children. Table 2 (co-expression cluste.csv-A",0.222431123364379,0.754502048416617
"609","JBSFL9.csv__A whole genome transcriptional analysis of the early immune response induced by live attenuated and inactivated influenza vaccines in young children. Table 2 (co-expression cluste.csv-B",1.38432583899852e-12,2.1753691755691e-11
"610","JBSFL9.csv__A whole genome transcriptional analysis of the early immune response induced by live attenuated and inactivated influenza vaccines in young children. Table 2 (co-expression cluste.csv-C",0.144507724885308,0.508086521286242
"611","JBSFL9.csv__A whole genome transcriptional analysis of the early immune response induced by live attenuated and inactivated influenza vaccines in young children. Table 2 (co-expression cluste.csv-D",0.028662938796788,0.132055319954078
"612","JBSFL9.csv__A whole genome transcriptional analysis of the early immune response induced by live attenuated and inactivated influenza vaccines in young children. Table 2 (co-expression cluste.csv-E",0.000108277091888816,0.00089648775004719
"613","JBSFL9.csv__A whole genome transcriptional analysis of the early immune response induced by live attenuated and inactivated influenza vaccines in young children. Table 2 (co-expression cluste.csv-F",0.0292057242483529,0.133067501013205
"614","JBSFL9.csv__Bioinf.csv-WO.Baseline",1.32869299242132e-15,2.76511784909302e-14
"615","JBSFL9.csv__Bioinf.csv-W.Baseline",6.09608096636333e-05,0.000515822235615359
"616","JBSFL9.csv__BMC.csv-Combined",6.69033494890182e-05,0.000559951946810261
"617","JBSFL9.csv__DavenportEE_2015_JMolMed.FigS3.processed.csv-original.symbol",0.140098644497459,0.494843836069006
"618","JBSFL9.csv__DavenportEE_2015_JMolMed.FigS3.processed.csv-symbol",0.140098644497459,0.494843836069006
"619","JBSFL9.csv__DavenportEE_2015_JMolMed.FigS3.processed.csv-gene_id",1,1
"620","JBSFL9.csv__DavenportEE_2015_JMolMed.TableS3.processed.csv-original.symbol",0.00296572741425858,0.0181238897538025
"621","JBSFL9.csv__DavenportEE_2015_JMolMed.TableS3.processed.csv-symbol",5.72594883481876e-05,0.000489886733645605
"622","JBSFL9.csv__DavenportEE_2015_JMolMed.TableS3.processed.csv-gene_id",1,1
"623","JBSFL9.csv__JASA.csv-Principal.Response",4.24798540815193e-07,4.67278394896712e-06
"624","JBSFL9.csv__JASA.csv-X",4.07469055016595e-06,4.02245092772793e-05
"625","JBSFL9.csv__JASA.csv-Secondary.Response",0.0376124260793812,0.163624678424427
"626","JBSFL9.csv__JASA.csv-X.1",0.000252967939933178,0.00190965993871125
"627","JBSFL9.csv__JASA.csv-Gender.Factor",6.36262309540702e-27,4.08268315288617e-25
"628","JBSFL9.csv__JASA.csv-X.2",5.56556144198431e-14,1.04523958788486e-12
"629","JBSFL9.csv__McClainMT_2016_OpenForumInfectDis.SupplementalTable2.processed.csv-original.symbol",3.15444408205496e-08,4.0482032386372e-07
"630","JBSFL9.csv__McClainMT_2016_OpenForumInfectDis.SupplementalTable2.processed.csv-symbol",3.15444408205496e-08,4.0482032386372e-07
"631","JBSFL9.csv__McClainMT_2016_OpenForumInfectDis.SupplementalTable2.processed.csv-gene_id",1,1
"632","JBSFL9.csv__MullerJ_2017_JTranslMed.TableS3.processed.csv-original.symbol",0.380036689587392,1
"633","JBSFL9.csv__MullerJ_2017_JTranslMed.TableS3.processed.csv-symbol",0.380036689587392,1
"634","JBSFL9.csv__MullerJ_2017_JTranslMed.TableS3.processed.csv-gene_id",1,1
"635","JBSFL9.csv__OF.csv-Current.Signature",3.15444408205496e-08,4.0482032386372e-07
"636","JBSFL9.csv__PG.csv-X1vs2",1,1
"637","JBSFL9.csv__PG.csv-X1vs3",1,1
"638","JBSFL9.csv__PG.csv-X1vs4",0.00586109068052807,0.0336794016716911
"639","JBSFL9.csv__PG.csv-X2vs3",2.19263639717288e-07,2.55807579670169e-06
"640","JBSFL9.csv__PG.csv-X2vs4",0.00114568972130976,0.0080934044532891
"641","JBSFL9.csv__PG.csv-X3vs4",0.0119081807621058,0.0654949941915817
"642","JBSFL9.csv__PO.csv-H1N1",3.43059196028052e-06,3.43059196028052e-05
"643","JBSFL9.csv__PO.csv-H3N2",3.49215272974242e-07,3.89704000275604e-06
"644","JBSFL9.csv__ProudD_2008_AmJRespirCritCareMed.Table2.processed.csv-original.symbol",0.197416372427934,0.675602696753376
"645","JBSFL9.csv__ProudD_2008_AmJRespirCritCareMed.Table2.processed.csv-symbol",0.00124156145103608,0.00833929998679268
"646","JBSFL9.csv__ProudD_2008_AmJRespirCritCareMed.Table2.processed.csv-gene_id",1,1
"647","JBSFL9.csv__ProudD_2008_AmJRespirCritCareMed.Table3.processed.csv-original.symbol",1,1
"648","JBSFL9.csv__ProudD_2008_AmJRespirCritCareMed.Table3.processed.csv-symbol",1,1
"649","JBSFL9.csv__ProudD_2008_AmJRespirCritCareMed.Table3.processed.csv-gene_id",1,1
"650","JBSFL9.csv__SHM.csv-Rhinovirus",0.00420148873542069,0.025078653692046
"651","JBSFL9.csv__SHM.csv-RSV",3.45473960005818e-05,0.000302289715005091
"652","JBSFL9.csv__SHM.csv-Influenza",0.000327357799157044,0.00244723791602839
"653","JBSFL9.csv__SHM.csv-Panviral",5.41933416599698e-05,0.000468863742451424
"654","JBSFL9.csv__SHM.csv-Literature",0.00480682954901637,0.0284712211749431
"655","JBSFL9.csv__STM.csv-H3N2.H1N1",7.84601549136899e-11,1.16181383237579e-09
"656","JBSFL9.csv__Systems biology of vaccination for seasonal influenza in humans. - Sheet1.csv-Table.S6..Sets.of.2.4.genes.identified.by.DAMIP.model..first.analysis..as.predictors.of.HAI.response..",0.240714586116418,0.809389656373981
"657","JBSFL9.csv__Systems biology of vaccination for seasonal influenza in humans. - Sheet1.csv-Table.S8..Sets.of.genes.identified.by.DAMIP.model..second.analysis..as.predictors.of.HAI.response..",0.0444034160395593,0.18889851022354
"658","JBSFL9.csv__Systems biology of vaccination for seasonal influenza in humans. - Sheet1.csv-Table.S9..Sets.of.genes.identified.by.DAMIP.model..third.analysis..as.predictors.of.HAI.response..",0.127167029449586,0.45543540779619
"659","JBSFL9.csv__TBE.csv-Single.Task",2.96463502272319e-05,0.00026856105499963
"660","JBSFL9.csv__TBE.csv-Multi.Task",0.000222968949709934,0.00171293034521583
"661","TIME0_predictors.csv__Analysis of gene-expression profiles by oligonucleotide microarray in children with influenza.  - Sheet1.csv-Fig.1..acute.phase.influenza.virus.infection.",1,1
"662","TIME0_predictors.csv__Analysis of gene-expression profiles by oligonucleotide microarray in children with influenza.  - Sheet1.csv-Table.1..febrile.convulsion.",1,1
"663","TIME0_predictors.csv__A whole genome transcriptional analysis of the early immune response induced by live attenuated and inactivated influenza vaccines in young children. Table 2 (co-expression cluste.csv-A",1,1
"664","TIME0_predictors.csv__A whole genome transcriptional analysis of the early immune response induced by live attenuated and inactivated influenza vaccines in young children. Table 2 (co-expression cluste.csv-B",2.01907781683984e-16,4.57261740872551e-15
"665","TIME0_predictors.csv__A whole genome transcriptional analysis of the early immune response induced by live attenuated and inactivated influenza vaccines in young children. Table 2 (co-expression cluste.csv-C",1,1
"666","TIME0_predictors.csv__A whole genome transcriptional analysis of the early immune response induced by live attenuated and inactivated influenza vaccines in young children. Table 2 (co-expression cluste.csv-D",1,1
"667","TIME0_predictors.csv__A whole genome transcriptional analysis of the early immune response induced by live attenuated and inactivated influenza vaccines in young children. Table 2 (co-expression cluste.csv-E",0.000166684467683707,0.0013369483345464
"668","TIME0_predictors.csv__A whole genome transcriptional analysis of the early immune response induced by live attenuated and inactivated influenza vaccines in young children. Table 2 (co-expression cluste.csv-F",1,1
"669","TIME0_predictors.csv__Bioinf.csv-WO.Baseline",0.0422161724872914,0.180591404528969
"670","TIME0_predictors.csv__Bioinf.csv-W.Baseline",0.169777275501826,0.586226466979398
"671","TIME0_predictors.csv__BMC.csv-Combined",1,1
"672","TIME0_predictors.csv__DavenportEE_2015_JMolMed.FigS3.processed.csv-original.symbol",0.0601222429095971,0.239865943214455
"673","TIME0_predictors.csv__DavenportEE_2015_JMolMed.FigS3.processed.csv-symbol",0.0601222429095971,0.239865943214455
"674","TIME0_predictors.csv__DavenportEE_2015_JMolMed.FigS3.processed.csv-gene_id",1,1
"675","TIME0_predictors.csv__DavenportEE_2015_JMolMed.TableS3.processed.csv-original.symbol",0.115073895199375,0.417062380603733
"676","TIME0_predictors.csv__DavenportEE_2015_JMolMed.TableS3.processed.csv-symbol",0.0612689502021254,0.243180884822869
"677","TIME0_predictors.csv__DavenportEE_2015_JMolMed.TableS3.processed.csv-gene_id",1,1
"678","TIME0_predictors.csv__JASA.csv-Principal.Response",0.0155566506674005,0.080393429623479
"679","TIME0_predictors.csv__JASA.csv-X",0.0155566506674005,0.080393429623479
"680","TIME0_predictors.csv__JASA.csv-Secondary.Response",1,1
"681","TIME0_predictors.csv__JASA.csv-X.1",1,1
"682","TIME0_predictors.csv__JASA.csv-Gender.Factor",0.000176318728698946,0.00138536143977743
"683","TIME0_predictors.csv__JASA.csv-X.2",0.000176318728698946,0.00138536143977743
"684","TIME0_predictors.csv__McClainMT_2016_OpenForumInfectDis.SupplementalTable2.processed.csv-original.symbol",0.0147513198326294,0.0781076235327807
"685","TIME0_predictors.csv__McClainMT_2016_OpenForumInfectDis.SupplementalTable2.processed.csv-symbol",0.0147513198326294,0.0781076235327807
"686","TIME0_predictors.csv__McClainMT_2016_OpenForumInfectDis.SupplementalTable2.processed.csv-gene_id",1,1
"687","TIME0_predictors.csv__MullerJ_2017_JTranslMed.TableS3.processed.csv-original.symbol",1,1
"688","TIME0_predictors.csv__MullerJ_2017_JTranslMed.TableS3.processed.csv-symbol",1,1
"689","TIME0_predictors.csv__MullerJ_2017_JTranslMed.TableS3.processed.csv-gene_id",1,1
"690","TIME0_predictors.csv__OF.csv-Current.Signature",0.0147513198326294,0.0781076235327807
"691","TIME0_predictors.csv__PG.csv-X1vs2",1,1
"692","TIME0_predictors.csv__PG.csv-X1vs3",0.0503579699866489,0.206253387711275
"693","TIME0_predictors.csv__PG.csv-X1vs4",1,1
"694","TIME0_predictors.csv__PG.csv-X2vs3",0.0160421732871423,0.0823498228739971
"695","TIME0_predictors.csv__PG.csv-X2vs4",0.00361343268110239,0.0219082138932979
"696","TIME0_predictors.csv__PG.csv-X3vs4",0.0697865056756124,0.272769590711784
"697","TIME0_predictors.csv__PO.csv-H1N1",0.0935474152347529,0.351373218198828
"698","TIME0_predictors.csv__PO.csv-H3N2",0.0147513198326294,0.0781076235327807
"699","TIME0_predictors.csv__ProudD_2008_AmJRespirCritCareMed.Table2.processed.csv-original.symbol",0.289094163893047,0.939251081002726
"700","TIME0_predictors.csv__ProudD_2008_AmJRespirCritCareMed.Table2.processed.csv-symbol",0.045105964466768,0.190832926590172
"701","TIME0_predictors.csv__ProudD_2008_AmJRespirCritCareMed.Table2.processed.csv-gene_id",1,1
"702","TIME0_predictors.csv__ProudD_2008_AmJRespirCritCareMed.Table3.processed.csv-original.symbol",1,1
"703","TIME0_predictors.csv__ProudD_2008_AmJRespirCritCareMed.Table3.processed.csv-symbol",1,1
"704","TIME0_predictors.csv__ProudD_2008_AmJRespirCritCareMed.Table3.processed.csv-gene_id",1,1
"705","TIME0_predictors.csv__SHM.csv-Rhinovirus",1,1
"706","TIME0_predictors.csv__SHM.csv-RSV",0.235702699011366,0.796013501047156
"707","TIME0_predictors.csv__SHM.csv-Influenza",0.0270332743922431,0.126155280497134
"708","TIME0_predictors.csv__SHM.csv-Panviral",0.0333855519820275,0.149458575733495
"709","TIME0_predictors.csv__SHM.csv-Literature",1,1
"710","TIME0_predictors.csv__STM.csv-H3N2.H1N1",0.00137525163117373,0.00889868702524178
"711","TIME0_predictors.csv__Systems biology of vaccination for seasonal influenza in humans. - Sheet1.csv-Table.S6..Sets.of.2.4.genes.identified.by.DAMIP.model..first.analysis..as.predictors.of.HAI.response..",1,1
"712","TIME0_predictors.csv__Systems biology of vaccination for seasonal influenza in humans. - Sheet1.csv-Table.S8..Sets.of.genes.identified.by.DAMIP.model..second.analysis..as.predictors.of.HAI.response..",1,1
"713","TIME0_predictors.csv__Systems biology of vaccination for seasonal influenza in humans. - Sheet1.csv-Table.S9..Sets.of.genes.identified.by.DAMIP.model..third.analysis..as.predictors.of.HAI.response..",1,1
"714","TIME0_predictors.csv__TBE.csv-Single.Task",0.403794477727648,1
"715","TIME0_predictors.csv__TBE.csv-Multi.Task",0.0147513198326294,0.0781076235327807
"716","TIME24_predictors.csv__Analysis of gene-expression profiles by oligonucleotide microarray in children with influenza.  - Sheet1.csv-Fig.1..acute.phase.influenza.virus.infection.",0.046267281715874,0.193618515876212
"717","TIME24_predictors.csv__Analysis of gene-expression profiles by oligonucleotide microarray in children with influenza.  - Sheet1.csv-Table.1..febrile.convulsion.",1,1
"718","TIME24_predictors.csv__A whole genome transcriptional analysis of the early immune response induced by live attenuated and inactivated influenza vaccines in young children. Table 2 (co-expression cluste.csv-A",1,1
"719","TIME24_predictors.csv__A whole genome transcriptional analysis of the early immune response induced by live attenuated and inactivated influenza vaccines in young children. Table 2 (co-expression cluste.csv-B",8.69769564351918e-16,1.86034045708605e-14
"720","TIME24_predictors.csv__A whole genome transcriptional analysis of the early immune response induced by live attenuated and inactivated influenza vaccines in young children. Table 2 (co-expression cluste.csv-C",1,1
"721","TIME24_predictors.csv__A whole genome transcriptional analysis of the early immune response induced by live attenuated and inactivated influenza vaccines in young children. Table 2 (co-expression cluste.csv-D",1.43277545986764e-20,4.24321963114646e-19
"722","TIME24_predictors.csv__A whole genome transcriptional analysis of the early immune response induced by live attenuated and inactivated influenza vaccines in young children. Table 2 (co-expression cluste.csv-E",6.03204074721463e-06,5.87933085488008e-05
"723","TIME24_predictors.csv__A whole genome transcriptional analysis of the early immune response induced by live attenuated and inactivated influenza vaccines in young children. Table 2 (co-expression cluste.csv-F",9.9706730439933e-08,1.19959660060544e-06
"724","TIME24_predictors.csv__Bioinf.csv-WO.Baseline",1.37978068472125e-09,1.93169295860975e-08
"725","TIME24_predictors.csv__Bioinf.csv-W.Baseline",4.4008961830926e-08,5.465629130615e-07
"726","TIME24_predictors.csv__BMC.csv-Combined",5.3859107188353e-26,2.43950073735481e-24
"727","TIME24_predictors.csv__DavenportEE_2015_JMolMed.FigS3.processed.csv-original.symbol",2.87389453745697e-07,3.25426293212039e-06
"728","TIME24_predictors.csv__DavenportEE_2015_JMolMed.FigS3.processed.csv-symbol",2.87389453745697e-07,3.25426293212039e-06
"729","TIME24_predictors.csv__DavenportEE_2015_JMolMed.FigS3.processed.csv-gene_id",1,1
"730","TIME24_predictors.csv__DavenportEE_2015_JMolMed.TableS3.processed.csv-original.symbol",1.03113668193871e-26,5.67125175066289e-25
"731","TIME24_predictors.csv__DavenportEE_2015_JMolMed.TableS3.processed.csv-symbol",4.31152673546391e-29,4.14984448288402e-27
"732","TIME24_predictors.csv__DavenportEE_2015_JMolMed.TableS3.processed.csv-gene_id",1,1
"733","TIME24_predictors.csv__JASA.csv-Principal.Response",5.00995227359054e-35,5.51094750094959e-33
"734","TIME24_predictors.csv__JASA.csv-X",5.25219630657916e-41,4.04419115606595e-38
"735","TIME24_predictors.csv__JASA.csv-Secondary.Response",0.00034367073963385,0.00254448528382754
"736","TIME24_predictors.csv__JASA.csv-X.1",1.47622184571268e-07,1.74875510953656e-06
"737","TIME24_predictors.csv__JASA.csv-Gender.Factor",3.07158613347019e-05,0.000271853025605983
"738","TIME24_predictors.csv__JASA.csv-X.2",3.07158613347019e-05,0.000271853025605983
"739","TIME24_predictors.csv__McClainMT_2016_OpenForumInfectDis.SupplementalTable2.processed.csv-original.symbol",2.73308151318109e-37,3.5074546085824e-35
"740","TIME24_predictors.csv__McClainMT_2016_OpenForumInfectDis.SupplementalTable2.processed.csv-symbol",2.73308151318109e-37,3.5074546085824e-35
"741","TIME24_predictors.csv__McClainMT_2016_OpenForumInfectDis.SupplementalTable2.processed.csv-gene_id",1,1
"742","TIME24_predictors.csv__MullerJ_2017_JTranslMed.TableS3.processed.csv-original.symbol",1.83701476397491e-21,6.73572080124134e-20
"743","TIME24_predictors.csv__MullerJ_2017_JTranslMed.TableS3.processed.csv-symbol",1.83701476397491e-21,6.73572080124134e-20
"744","TIME24_predictors.csv__MullerJ_2017_JTranslMed.TableS3.processed.csv-gene_id",1,1
"745","TIME24_predictors.csv__OF.csv-Current.Signature",2.73308151318109e-37,3.5074546085824e-35
"746","TIME24_predictors.csv__PG.csv-X1vs2",1,1
"747","TIME24_predictors.csv__PG.csv-X1vs3",1,1
"748","TIME24_predictors.csv__PG.csv-X1vs4",0.0580098541220169,0.233861715570435
"749","TIME24_predictors.csv__PG.csv-X2vs3",0.021053378835619,0.100068529033498
"750","TIME24_predictors.csv__PG.csv-X2vs4",0.000132228964376783,0.00108315215500131
"751","TIME24_predictors.csv__PG.csv-X3vs4",0.00283979377197765,0.0174931296353823
"752","TIME24_predictors.csv__PO.csv-H1N1",2.66553991683093e-39,6.84155245319938e-37
"753","TIME24_predictors.csv__PO.csv-H3N2",2.66553991683093e-39,6.84155245319938e-37
"754","TIME24_predictors.csv__ProudD_2008_AmJRespirCritCareMed.Table2.processed.csv-original.symbol",5.48754980369546e-19,1.45703908580879e-17
"755","TIME24_predictors.csv__ProudD_2008_AmJRespirCritCareMed.Table2.processed.csv-symbol",1.16855289133242e-26,5.99857150883977e-25
"756","TIME24_predictors.csv__ProudD_2008_AmJRespirCritCareMed.Table2.processed.csv-gene_id",1,1
"757","TIME24_predictors.csv__ProudD_2008_AmJRespirCritCareMed.Table3.processed.csv-original.symbol",1,1
"758","TIME24_predictors.csv__ProudD_2008_AmJRespirCritCareMed.Table3.processed.csv-symbol",1,1
"759","TIME24_predictors.csv__ProudD_2008_AmJRespirCritCareMed.Table3.processed.csv-gene_id",1,1
"760","TIME24_predictors.csv__SHM.csv-Rhinovirus",8.94376745209225e-27,5.29746226008541e-25
"761","TIME24_predictors.csv__SHM.csv-RSV",6.97224454043651e-21,2.44028558915278e-19
"762","TIME24_predictors.csv__SHM.csv-Influenza",1.94629150814274e-25,8.32580256261062e-24
"763","TIME24_predictors.csv__SHM.csv-Panviral",2.25249653520022e-26,1.08401395756511e-24
"764","TIME24_predictors.csv__SHM.csv-Literature",1.55933516857311e-28,1.33409786644588e-26
"765","TIME24_predictors.csv__STM.csv-H3N2.H1N1",1.73521141829558e-28,1.3361127920876e-26
"766","TIME24_predictors.csv__Systems biology of vaccination for seasonal influenza in humans. - Sheet1.csv-Table.S6..Sets.of.2.4.genes.identified.by.DAMIP.model..first.analysis..as.predictors.of.HAI.response..",0.474109345609205,1
"767","TIME24_predictors.csv__Systems biology of vaccination for seasonal influenza in humans. - Sheet1.csv-Table.S8..Sets.of.genes.identified.by.DAMIP.model..second.analysis..as.predictors.of.HAI.response..",1,1
"768","TIME24_predictors.csv__Systems biology of vaccination for seasonal influenza in humans. - Sheet1.csv-Table.S9..Sets.of.genes.identified.by.DAMIP.model..third.analysis..as.predictors.of.HAI.response..",1,1
"769","TIME24_predictors.csv__TBE.csv-Single.Task",9.01611421354933e-28,6.31127994948453e-26
"770","TIME24_predictors.csv__TBE.csv-Multi.Task",8.17307854148603e-21,2.73620455519315e-19
